{
    "False": {
        "precision": 0.9998351121237559,
        "recall": 0.9998875705494802,
        "f1-score": 0.999861340648551,
        "support": 133417.0
    },
    "True": {
        "precision": 0.75,
        "recall": 0.6716417910447762,
        "f1-score": 0.7086614173228346,
        "support": 67.0
    },
    "accuracy": 0.9997228132210602,
    "macro avg": {
        "precision": 0.8749175560618779,
        "recall": 0.8357646807971282,
        "f1-score": 0.8542613789856928,
        "support": 133484.0
    },
    "weighted avg": {
        "precision": 0.9997097116824124,
        "recall": 0.9997228132210602,
        "f1-score": 0.999715177851041,
        "support": 133484.0
    }
}