{
    "False": {
        "precision": 0.999812627413359,
        "recall": 0.9998650846593763,
        "f1-score": 0.9998388553483161,
        "support": 133417.0
    },
    "True": {
        "precision": 0.7,
        "recall": 0.6268656716417911,
        "f1-score": 0.6614173228346457,
        "support": 67.0
    },
    "accuracy": 0.9996778640136645,
    "macro avg": {
        "precision": 0.8499063137066795,
        "recall": 0.8133653781505836,
        "f1-score": 0.8306280890914809,
        "support": 133484.0
    },
    "weighted avg": {
        "precision": 0.9996621416170336,
        "recall": 0.9996778640136645,
        "f1-score": 0.999668990475534,
        "support": 133484.0
    }
}